{"cameraMode":{"drawMode":0,"name":"Shaded","section":"Shading Mode"},"sceneLighting":true,"audioPlay":false,"sceneViewState":{"m_AlwaysRefresh":false,"showFog":true,"showSkybox":true,"showFlares":true,"showImageEffects":true,"showParticleSystems":true,"showVisualEffectGraphs":true,"m_FxEnabled":true},"in2DMode":false,"pivot":{"x":0.37063562870025637,"y":0.6604984998703003,"z":-30.139074325561525},"rotation":{"x":0.1862969547510147,"y":0.24894647300243379,"z":-0.04887308180332184,"w":0.9491919875144959},"size":1.392937183380127,"orthographic":false}